id,experiment,control,promotion_question
S0,Faithful pinned released TabICLv2,Native separate models/heads and actual released optimizer,Systems5k; require inference/reproduction acceptance before new-prior claims
S1,Reference-preserving priors and authored replacement,R versus eligible95/5P1 and95/5P4; reference task/shape first,P2000h; pinned adapter implemented; select one surviving challenger for factorial
S2,Context-conditioned complexity; deferred standalone,S1 with 90% capped / 10% base replay,Learnable complexity across narrow and wide tables; no separate allocation unless explicitly reassigned
S3,Exact conditional query-label loss; deferred standalone,Selected bank with hard labels,Compare 0/50/100% eligible classification replacement; require a valid conditional law; no separate allocation unless explicitly reassigned
S4,Hierarchical category removal; deferred standalone,Selected bank with P1 removed and weights renormalized,Rare-category and ordinary-table transfer without hidden ID distance; no separate allocation unless explicitly reassigned
S5,Count and amount removal; deferred standalone,Selected bank with P4 removed and weights renormalized,Point/distributional regression and binary event gains; no separate allocation unless explicitly reassigned
S6,Prior by architecture family crossing,Two priors x reference / authored compressed / compact persistent-cell; matched heads,A4200h; classifier+regressor package costs; capacity differences part of system comparison
S7,Cell feedback; deferred,ICL315 with the same bank,Explicitly reassign budget before running; measure detail retention and latency
S8,Muon/AdamW versus all AdamW,Same prior/backbone/head; equal total LR triage,O600h; gradient allocation and clipping audited; full combinations confirmed
S9,Prediction consistency; deferred,Supervised-only selected candidate,Charge paired views; promote only on real metrics; no separate allocation unless explicitly reassigned
S10,Masked conditional auxiliary; deferred,Supervised-only selected candidate,Remove original target and respect auxiliary vocabulary; no separate allocation unless explicitly reassigned
S11,Wide and many-class curriculum; deferred standalone,Matched-cost shorter-context control,Use feasible width buckets and report realized shapes; no separate allocation unless explicitly reassigned
S12,Shared versus separate classification/regression packages,Matched combined pretraining cost,T800h; do not force sharing if task interference loses performance
S13,Two-size frontier and longer bridges,Selected family and complete intended curriculum,10000h:2sizes2seeds500+2finalists3000+2resolution1000; final12000h gated
S14,Optional adaptive mixture; deferred standalone,Fixed mixture,Real confirmation gains after charging generation and teacher cost; no separate allocation unless explicitly reassigned
S15,Optional 5% real continuation; deferred standalone,Synthetic-only checkpoint,No evaluation lineage overlap; frozen ICL deployment; no separate allocation unless explicitly reassigned
S16,Frozen ICL ensembles and retrieval,Selected single-pass checkpoint,"1/4/8/16 views, validation selection, declared inference cost"
S17,Locked official evaluation,Frozen recipe and contemporaneous model roster,"Separate task gates, full coverage and uncertainty"
S18,Dense315 / MoE419 / dense-wide419; deferred,Equal active-cost and stored-capacity controls,Zero current allocation; former1500reserve reassigned to mandatory controls
S19,Global-summary and routed-support hybrid; deferred,"Dense full-context model, same bank and schedule",Requires explicit budget reassignment; its former1000hours now fundfinancecontextcontrols; no separate allocation unless explicitly reassigned
S20,Exact GPU batch inference profiling,Cached versus uncached identical dense function,"Cold total and warm cache, frontend/trunk, chunk invariance and memory"
S21,Length scaling; GQA/query density deferred,Current clip versus one chosen alternative,L600h for length pair; noGQA/querydensity allocation
S22,Standard-only versus joint / weighting controls,F0standard;F1jointw1;F2jointentropy; all correct proposalweights,Part of F2400h six-arm screen; gradient diagnostics by reference availability
S23,Finance full bounded selector versus reservoir-positive,F5 against paired full-selector with same chosen normalization,Part of F2400h; any refitted full-selector control occupies one of V two funded slots
S24,Finance shortcut and mechanism challenge,H-only;F3hideH model+selector;F4weaken generativeH,Part of F2400h; natural-prevalence scoring; wider mechanism challenges diagnostic first
S25,Regression head resolution,Reference999quantiles versus1025finitebins;128-bin diagnostic baseline,H600h; RMSE primary and proper score separate; targets standardized before rounding
S26,Categorical identity precision,Scalar Fourier hash versus hash-bit candidate,"C600h; CPU/GPU collisions, renaming, equality, cardinality and real transfer"
S27,Complete recipe independent confirmation,At most2configurations INCLUDING required paired control;2newseeds each,V3200h; all standard task types and finance; reject assumed additive gains
